{
  "data": [
    {
      "Bonus.Sum": 0,
      "Currencies.SumInCurrency": {},
      "DiscountPercent": 0.0075,
      "DiscountSum": 5230.35,
      "DishAmountInt": 4226.463,
      "DishAmountInt.PerOrder": 13.085,
      "DishDiscountSumInt": 654735.35,
      "DishDiscountSumInt.average": 2027.04,
      "DishDiscountSumInt.averageByGuest": 1100.4,
      "DishDiscountSumInt.averagePrice": 154.91,
      "DishDiscountSumInt.averagePriceWithVAT": 154.91,
      "DishDiscountSumInt.averageWithoutVAT": 2027.04,
      "DishDiscountSumInt.withoutVAT": 654735.35,
      "DishReturnSum": 0,
      "DishSumInt": 693912.7,
      "DishSumInt.averagePriceWithVAT": 164.18,
      "FiscalChequeNumber": 317,
      "GuestNum": 595,
      "IncentiveSumBase.Sum": 24220.83,
      "IncreasePercent": 0,
      "IncreaseSum": 0,
      "ItemSaleEventDiscountType.ComboAmount": 0,
      "ItemSaleEventDiscountType.DiscountAmount": 120.5,
      "OpenDate.Typed": "2020-08-01",
      "OrderItems": 3472,
      "OrderNum": 250,
      "ProductCostBase.MarkUp": 2.3178,
      "ProductCostBase.OneItem": 47.03,
      "ProductCostBase.Percent": 0.3014,
      "ProductCostBase.PercentWithoutVAT": 0.3093,
      "ProductCostBase.ProductCost": 197337.53522104258,
      "ProductCostBase.Profit": 457397.8147789574,
      "UniqOrderId": 323,
      "UniqOrderId.OrdersCount": 323,
      "VAT.Percent": 0,
      "VAT.Sum": 0,
      "discountWithoutVAT": 5428.35,
      "fullSum": 680271.2,
      "sumAfterDiscountWithoutVAT": 674842.85
    },
    {
      "Bonus.Sum": 0,
      "Currencies.SumInCurrency": {},
      "DiscountPercent": 0.0048,
      "DiscountSum": 3153.55,
      "DishAmountInt": 4082.743,
      "DishAmountInt.PerOrder": 13.128,
      "DishDiscountSumInt": 622621.9,
      "DishDiscountSumInt.average": 2002,
      "DishDiscountSumInt.averageByGuest": 1129.99,
      "DishDiscountSumInt.averagePrice": 152.5,
      "DishDiscountSumInt.averagePriceWithVAT": 152.5,
      "DishDiscountSumInt.averageWithoutVAT": 2002,
      "DishDiscountSumInt.withoutVAT": 622621.9,
      "DishReturnSum": 0,
      "DishSumInt": 654782.45,
      "DishSumInt.averagePriceWithVAT": 160.38,
      "FiscalChequeNumber": 303,
      "GuestNum": 551,
      "IncentiveSumBase.Sum": 23661.16,
      "IncreasePercent": 0,
      "IncreaseSum": 0,
      "ItemSaleEventDiscountType.ComboAmount": 0,
      "ItemSaleEventDiscountType.DiscountAmount": 74,
      "OpenDate.Typed": "2020-08-02",
      "OrderItems": 3248,
      "OrderNum": 232,
      "ProductCostBase.MarkUp": 2.2878,
      "ProductCostBase.OneItem": 46.57,
      "ProductCostBase.Percent": 0.3042,
      "ProductCostBase.PercentWithoutVAT": 0.3094,
      "ProductCostBase.ProductCost": 189373.4150344799,
      "ProductCostBase.Profit": 433248.4849655201,
      "UniqOrderId": 311,
      "UniqOrderId.OrdersCount": 311,
      "VAT.Percent": 0,
      "VAT.Sum": 0,
      "discountWithoutVAT": 3543.55,
      "fullSum": 637711.7,
      "sumAfterDiscountWithoutVAT": 634168.15
    },
    {
      "Bonus.Sum": 712.95,
      "Currencies.SumInCurrency": {},
      "DiscountPercent": 0.018,
      "DiscountSum": 9718.35,
      "DishAmountInt": 5087.167,
      "DishAmountInt.PerOrder": 12.112,
      "DishDiscountSumInt": 483750.35,
      "DishDiscountSumInt.average": 1151.79,
      "DishDiscountSumInt.averageByGuest": 766.64,
      "DishDiscountSumInt.averagePrice": 95.09,
      "DishDiscountSumInt.averagePriceWithVAT": 95.09,
      "DishDiscountSumInt.averageWithoutVAT": 1151.79,
      "DishDiscountSumInt.withoutVAT": 483750.35,
      "DishReturnSum": 0,
      "DishSumInt": 538571.7,
      "DishSumInt.averagePriceWithVAT": 105.87,
      "FiscalChequeNumber": 382,
      "GuestNum": 631,
      "IncentiveSumBase.Sum": 16610.03,
      "IncreasePercent": 0,
      "IncreaseSum": 0,
      "ItemSaleEventDiscountType.ComboAmount": 0,
      "ItemSaleEventDiscountType.DiscountAmount": 75.5,
      "OpenDate.Typed": "2020-08-03",
      "OrderItems": 4769,
      "OrderNum": 278,
      "ProductCostBase.MarkUp": 1.9217,
      "ProductCostBase.OneItem": 32.75,
      "ProductCostBase.Percent": 0.3423,
      "ProductCostBase.PercentWithoutVAT": 0.3536,
      "ProductCostBase.ProductCost": 165572.26061540042,
      "ProductCostBase.Profit": 318178.0893845996,
      "UniqOrderId": 420,
      "UniqOrderId.OrdersCount": 420,
      "VAT.Percent": 0,
      "VAT.Sum": 0,
      "discountWithoutVAT": 9805.35,
      "fullSum": 508935.7,
      "sumAfterDiscountWithoutVAT": 499130.35
    },
    {
      "Bonus.Sum": 0,
      "Currencies.SumInCurrency": {},
      "DiscountPercent": 0.0101,
      "DiscountSum": 6855.17,
      "DishAmountInt": 5866.383,
      "DishAmountInt.PerOrder": 12.698,
      "DishDiscountSumInt": 637421.78,
      "DishDiscountSumInt.average": 1379.7,
      "DishDiscountSumInt.averageByGuest": 930.54,
      "DishDiscountSumInt.averagePrice": 108.66,
      "DishDiscountSumInt.averagePriceWithVAT": 108.66,
      "DishDiscountSumInt.averageWithoutVAT": 1379.7,
      "DishDiscountSumInt.withoutVAT": 637421.78,
      "DishReturnSum": 0,
      "DishSumInt": 676945.95,
      "DishSumInt.averagePriceWithVAT": 115.39,
      "FiscalChequeNumber": 441,
      "GuestNum": 685,
      "IncentiveSumBase.Sum": 21789.52,
      "IncreasePercent": 0,
      "IncreaseSum": 0,
      "ItemSaleEventDiscountType.ComboAmount": 0,
      "ItemSaleEventDiscountType.DiscountAmount": 103.358,
      "OpenDate.Typed": "2020-08-04",
      "OrderItems": 5482,
      "OrderNum": 310,
      "ProductCostBase.MarkUp": 1.9737,
      "ProductCostBase.OneItem": 36.76,
      "ProductCostBase.Percent": 0.3363,
      "ProductCostBase.PercentWithoutVAT": 0.3527,
      "ProductCostBase.ProductCost": 214355.0874271049,
      "ProductCostBase.Profit": 423066.6925728951,
      "UniqOrderId": 462,
      "UniqOrderId.OrdersCount": 462,
      "VAT.Percent": 0,
      "VAT.Sum": 0,
      "discountWithoutVAT": 6913.17,
      "fullSum": 675031.25,
      "sumAfterDiscountWithoutVAT": 668118.08
    },
    {
      "Bonus.Sum": 0,
      "Currencies.SumInCurrency": {},
      "DiscountPercent": 0.013,
      "DiscountSum": 8987.73,
      "DishAmountInt": 6071.61,
      "DishAmountInt.PerOrder": 12.891,
      "DishDiscountSumInt": 653479.67,
      "DishDiscountSumInt.average": 1387.43,
      "DishDiscountSumInt.averageByGuest": 831.4,
      "DishDiscountSumInt.averagePrice": 107.63,
      "DishDiscountSumInt.averagePriceWithVAT": 107.63,
      "DishDiscountSumInt.averageWithoutVAT": 1387.43,
      "DishDiscountSumInt.withoutVAT": 653479.67,
      "DishReturnSum": 0,
      "DishSumInt": 692171.3,
      "DishSumInt.averagePriceWithVAT": 114,
      "FiscalChequeNumber": 460,
      "GuestNum": 786,
      "IncentiveSumBase.Sum": 23516.73,
      "IncreasePercent": 0,
      "IncreaseSum": 0,
      "ItemSaleEventDiscountType.ComboAmount": 0,
      "ItemSaleEventDiscountType.DiscountAmount": 117.676,
      "OpenDate.Typed": "2020-08-05",
      "OrderItems": 5363,
      "OrderNum": 321,
      "ProductCostBase.MarkUp": 2.05,
      "ProductCostBase.OneItem": 35.71,
      "ProductCostBase.Percent": 0.3279,
      "ProductCostBase.PercentWithoutVAT": 0.3384,
      "ProductCostBase.ProductCost": 214256.4730839338,
      "ProductCostBase.Profit": 439223.1969160662,
      "UniqOrderId": 471,
      "UniqOrderId.OrdersCount": 471,
      "VAT.Percent": 0,
      "VAT.Sum": 0,
      "discountWithoutVAT": 8987.73,
      "fullSum": 684040.4,
      "sumAfterDiscountWithoutVAT": 675052.67
    },
    {
      "Bonus.Sum": 0,
      "Currencies.SumInCurrency": {},
      "DiscountPercent": 0.0142,
      "DiscountSum": 9949.35,
      "DishAmountInt": 5459.407,
      "DishAmountInt.PerOrder": 12.132,
      "DishDiscountSumInt": 663006.4,
      "DishDiscountSumInt.average": 1473.35,
      "DishDiscountSumInt.averageByGuest": 870.09,
      "DishDiscountSumInt.averagePrice": 121.44,
      "DishDiscountSumInt.averagePriceWithVAT": 121.44,
      "DishDiscountSumInt.averageWithoutVAT": 1473.35,
      "DishDiscountSumInt.withoutVAT": 663006.4,
      "DishReturnSum": 0,
      "DishSumInt": 698758.75,
      "DishSumInt.averagePriceWithVAT": 127.99,
      "FiscalChequeNumber": 436,
      "GuestNum": 762,
      "IncentiveSumBase.Sum": 24347.17,
      "IncreasePercent": 0,
      "IncreaseSum": 0,
      "ItemSaleEventDiscountType.ComboAmount": 0,
      "ItemSaleEventDiscountType.DiscountAmount": 124.248,
      "OpenDate.Typed": "2020-08-06",
      "OrderItems": 4783,
      "OrderNum": 288,
      "ProductCostBase.MarkUp": 2.0391,
      "ProductCostBase.OneItem": 40.3,
      "ProductCostBase.Percent": 0.329,
      "ProductCostBase.PercentWithoutVAT": 0.339,
      "ProductCostBase.ProductCost": 218158.09914424163,
      "ProductCostBase.Profit": 444848.30085575837,
      "UniqOrderId": 450,
      "UniqOrderId.OrdersCount": 450,
      "VAT.Percent": 0,
      "VAT.Sum": 0,
      "discountWithoutVAT": 9949.35,
      "fullSum": 694138.95,
      "sumAfterDiscountWithoutVAT": 684189.6
    },
    {
      "Bonus.Sum": 0,
      "Currencies.SumInCurrency": {},
      "DiscountPercent": 0.0167,
      "DiscountSum": 13056.53,
      "DishAmountInt": 5708.408,
      "DishAmountInt.PerOrder": 12.657,
      "DishDiscountSumInt": 744424.17,
      "DishDiscountSumInt.average": 1650.61,
      "DishDiscountSumInt.averageByGuest": 974.38,
      "DishDiscountSumInt.averagePrice": 130.41,
      "DishDiscountSumInt.averagePriceWithVAT": 130.41,
      "DishDiscountSumInt.averageWithoutVAT": 1650.61,
      "DishDiscountSumInt.withoutVAT": 744424.17,
      "DishReturnSum": 0,
      "DishSumInt": 781635.2,
      "DishSumInt.averagePriceWithVAT": 136.93,
      "FiscalChequeNumber": 436,
      "GuestNum": 764,
      "IncentiveSumBase.Sum": 22470.03,
      "IncreasePercent": 0,
      "IncreaseSum": 0,
      "ItemSaleEventDiscountType.ComboAmount": 0,
      "ItemSaleEventDiscountType.DiscountAmount": 162.795,
      "OpenDate.Typed": "2020-08-07",
      "OrderItems": 4739,
      "OrderNum": 306,
      "ProductCostBase.MarkUp": 2.1888,
      "ProductCostBase.OneItem": 41.34,
      "ProductCostBase.Percent": 0.3136,
      "ProductCostBase.PercentWithoutVAT": 0.3237,
      "ProductCostBase.ProductCost": 233451.75906502144,
      "ProductCostBase.Profit": 510972.4109349786,
      "UniqOrderId": 451,
      "UniqOrderId.OrdersCount": 451,
      "VAT.Percent": 0,
      "VAT.Sum": 0,
      "discountWithoutVAT": 15947.23,
      "fullSum": 778883.7,
      "sumAfterDiscountWithoutVAT": 762936.47
    },
    {
      "Bonus.Sum": 0,
      "Currencies.SumInCurrency": {},
      "DiscountPercent": 0.0108,
      "DiscountSum": 8789.99,
      "DishAmountInt": 4948.135,
      "DishAmountInt.PerOrder": 13.483,
      "DishDiscountSumInt": 750678.46,
      "DishDiscountSumInt.average": 2045.45,
      "DishDiscountSumInt.averageByGuest": 1182.17,
      "DishDiscountSumInt.averagePrice": 151.71,
      "DishDiscountSumInt.averagePriceWithVAT": 151.71,
      "DishDiscountSumInt.averageWithoutVAT": 2045.45,
      "DishDiscountSumInt.withoutVAT": 750678.46,
      "DishReturnSum": 0,
      "DishSumInt": 812104.85,
      "DishSumInt.averagePriceWithVAT": 164.12,
      "FiscalChequeNumber": 338,
      "GuestNum": 635,
      "IncentiveSumBase.Sum": 21895.99,
      "IncreasePercent": 0,
      "IncreaseSum": 0,
      "ItemSaleEventDiscountType.ComboAmount": 0,
      "ItemSaleEventDiscountType.DiscountAmount": 157.856,
      "OpenDate.Typed": "2020-08-08",
      "OrderItems": 3987,
      "OrderNum": 240,
      "ProductCostBase.MarkUp": 2.0612,
      "ProductCostBase.OneItem": 49.79,
      "ProductCostBase.Percent": 0.3267,
      "ProductCostBase.PercentWithoutVAT": 0.3431,
      "ProductCostBase.ProductCost": 245220.1016954657,
      "ProductCostBase.Profit": 505458.3583045343,
      "UniqOrderId": 367,
      "UniqOrderId.OrdersCount": 367,
      "VAT.Percent": 0,
      "VAT.Sum": 0,
      "discountWithoutVAT": 8789.99,
      "fullSum": 790479.55,
      "sumAfterDiscountWithoutVAT": 781689.56
    },
    {
      "Bonus.Sum": 0,
      "Currencies.SumInCurrency": {},
      "DiscountPercent": 0.0173,
      "DiscountSum": 14090.33,
      "DishAmountInt": 5216.105,
      "DishAmountInt.PerOrder": 13.34,
      "DishDiscountSumInt": 773248.92,
      "DishDiscountSumInt.average": 1977.62,
      "DishDiscountSumInt.averageByGuest": 1084.5,
      "DishDiscountSumInt.averagePrice": 148.24,
      "DishDiscountSumInt.averagePriceWithVAT": 148.24,
      "DishDiscountSumInt.averageWithoutVAT": 1977.62,
      "DishDiscountSumInt.withoutVAT": 773248.92,
      "DishReturnSum": 0,
      "DishSumInt": 812791.25,
      "DishSumInt.averagePriceWithVAT": 155.82,
      "FiscalChequeNumber": 269,
      "GuestNum": 713,
      "IncentiveSumBase.Sum": 26801.76,
      "IncreasePercent": 0,
      "IncreaseSum": 0,
      "ItemSaleEventDiscountType.ComboAmount": 0,
      "ItemSaleEventDiscountType.DiscountAmount": 164.941,
      "OpenDate.Typed": "2020-08-09",
      "OrderItems": 4189,
      "OrderNum": 279,
      "ProductCostBase.MarkUp": 2.2828,
      "ProductCostBase.OneItem": 45.48,
      "ProductCostBase.Percent": 0.3046,
      "ProductCostBase.PercentWithoutVAT": 0.318,
      "ProductCostBase.ProductCost": 235542.2751090546,
      "ProductCostBase.Profit": 537706.6448909454,
      "UniqOrderId": 391,
      "UniqOrderId.OrdersCount": 391,
      "VAT.Percent": 0,
      "VAT.Sum": 0,
      "discountWithoutVAT": 15602.03,
      "fullSum": 826408.25,
      "sumAfterDiscountWithoutVAT": 810806.22
    },
    {
      "Bonus.Sum": 3152.4,
      "Currencies.SumInCurrency": {},
      "DiscountPercent": 0.0264,
      "DiscountSum": 19391.17,
      "DishAmountInt": 5787.815,
      "DishAmountInt.PerOrder": 11.764,
      "DishDiscountSumInt": 666620.08,
      "DishDiscountSumInt.average": 1354.92,
      "DishDiscountSumInt.averageByGuest": 808.02,
      "DishDiscountSumInt.averagePrice": 115.18,
      "DishDiscountSumInt.averagePriceWithVAT": 115.18,
      "DishDiscountSumInt.averageWithoutVAT": 1354.92,
      "DishDiscountSumInt.withoutVAT": 666620.08,
      "DishReturnSum": 0,
      "DishSumInt": 734017.25,
      "DishSumInt.averagePriceWithVAT": 126.82,
      "FiscalChequeNumber": 423,
      "GuestNum": 825,
      "IncentiveSumBase.Sum": 19033.35,
      "IncreasePercent": 0,
      "IncreaseSum": 0,
      "ItemSaleEventDiscountType.ComboAmount": 0,
      "ItemSaleEventDiscountType.DiscountAmount": 192.736,
      "OpenDate.Typed": "2020-08-10",
      "OrderItems": 5098,
      "OrderNum": 310,
      "ProductCostBase.MarkUp": 1.8564,
      "ProductCostBase.OneItem": 40.81,
      "ProductCostBase.Percent": 0.3501,
      "ProductCostBase.PercentWithoutVAT": 0.3582,
      "ProductCostBase.ProductCost": 233375.280876166,
      "ProductCostBase.Profit": 433244.799123834,
      "UniqOrderId": 492,
      "UniqOrderId.OrdersCount": 492,
      "VAT.Percent": 0,
      "VAT.Sum": 0,
      "discountWithoutVAT": 19391.17,
      "fullSum": 703775.25,
      "sumAfterDiscountWithoutVAT": 684384.08
    },
    {
      "Bonus.Sum": 0,
      "Currencies.SumInCurrency": {},
      "DiscountPercent": 0.0071,
      "DiscountSum": 9396.23,
      "DishAmountInt": 5735.89,
      "DishAmountInt.PerOrder": 12.335,
      "DishDiscountSumInt": 630761.02,
      "DishDiscountSumInt.average": 1356.48,
      "DishDiscountSumInt.averageByGuest": 854.69,
      "DishDiscountSumInt.averagePrice": 109.97,
      "DishDiscountSumInt.averagePriceWithVAT": 109.97,
      "DishDiscountSumInt.averageWithoutVAT": 1356.48,
      "DishDiscountSumInt.withoutVAT": 630761.02,
      "DishReturnSum": 0,
      "DishSumInt": 1315342,
      "DishSumInt.averagePriceWithVAT": 229.32,
      "FiscalChequeNumber": 450,
      "GuestNum": 738,
      "IncentiveSumBase.Sum": 20112.44,
      "IncreasePercent": 0,
      "IncreaseSum": 0,
      "ItemSaleEventDiscountType.ComboAmount": 0,
      "ItemSaleEventDiscountType.DiscountAmount": 133,
      "OpenDate.Typed": "2020-08-11",
      "OrderItems": 4892,
      "OrderNum": 295,
      "ProductCostBase.MarkUp": 0.21,
      "ProductCostBase.OneItem": 93.82,
      "ProductCostBase.Percent": 0.8264,
      "ProductCostBase.PercentWithoutVAT": 0.8376,
      "ProductCostBase.ProductCost": 521289.7719564697,
      "ProductCostBase.Profit": 109471.24804353029,
      "UniqOrderId": 465,
      "UniqOrderId.OrdersCount": 465,
      "VAT.Percent": 0,
      "VAT.Sum": 0,
      "discountWithoutVAT": 9396.23,
      "fullSum": 665626.65,
      "sumAfterDiscountWithoutVAT": 656230.42
    },
    {
      "Bonus.Sum": 0,
      "Currencies.SumInCurrency": {},
      "DiscountPercent": 0.0109,
      "DiscountSum": 7857.88,
      "DishAmountInt": 5137.412,
      "DishAmountInt.PerOrder": 11.676,
      "DishDiscountSumInt": 653499.32,
      "DishDiscountSumInt.average": 1485.23,
      "DishDiscountSumInt.averageByGuest": 961.03,
      "DishDiscountSumInt.averagePrice": 127.2,
      "DishDiscountSumInt.averagePriceWithVAT": 127.2,
      "DishDiscountSumInt.averageWithoutVAT": 1485.23,
      "DishDiscountSumInt.withoutVAT": 653499.32,
      "DishReturnSum": 0,
      "DishSumInt": 722654.2,
      "DishSumInt.averagePriceWithVAT": 140.67,
      "FiscalChequeNumber": 426,
      "GuestNum": 680,
      "IncentiveSumBase.Sum": 18528.61,
      "IncreasePercent": 0,
      "IncreaseSum": 0,
      "ItemSaleEventDiscountType.ComboAmount": 0,
      "ItemSaleEventDiscountType.DiscountAmount": 114.59,
      "OpenDate.Typed": "2020-08-12",
      "OrderItems": 4668,
      "OrderNum": 289,
      "ProductCostBase.MarkUp": 1.7509,
      "ProductCostBase.OneItem": 46.44,
      "ProductCostBase.Percent": 0.3635,
      "ProductCostBase.PercentWithoutVAT": 0.3676,
      "ProductCostBase.ProductCost": 237560.62543595192,
      "ProductCostBase.Profit": 415938.6945640481,
      "UniqOrderId": 440,
      "UniqOrderId.OrdersCount": 440,
      "VAT.Percent": 0,
      "VAT.Sum": 0,
      "discountWithoutVAT": 7857.88,
      "fullSum": 670927.6,
      "sumAfterDiscountWithoutVAT": 663069.72
    },
    {
      "Bonus.Sum": 2871,
      "Currencies.SumInCurrency": {},
      "DiscountPercent": 0.0215,
      "DiscountSum": 14860.99,
      "DishAmountInt": 5512.973,
      "DishAmountInt.PerOrder": 11.68,
      "DishDiscountSumInt": 637610.46,
      "DishDiscountSumInt.average": 1350.87,
      "DishDiscountSumInt.averageByGuest": 838.96,
      "DishDiscountSumInt.averagePrice": 115.66,
      "DishDiscountSumInt.averagePriceWithVAT": 115.66,
      "DishDiscountSumInt.averageWithoutVAT": 1350.87,
      "DishDiscountSumInt.withoutVAT": 637610.46,
      "DishReturnSum": 0,
      "DishSumInt": 691840.45,
      "DishSumInt.averagePriceWithVAT": 125.49,
      "FiscalChequeNumber": 449,
      "GuestNum": 760,
      "IncentiveSumBase.Sum": 21329.55,
      "IncreasePercent": 0,
      "IncreaseSum": 0,
      "ItemSaleEventDiscountType.ComboAmount": 0,
      "ItemSaleEventDiscountType.DiscountAmount": 123,
      "OpenDate.Typed": "2020-08-13",
      "OrderItems": 4982,
      "OrderNum": 308,
      "ProductCostBase.MarkUp": 1.8307,
      "ProductCostBase.OneItem": 41.09,
      "ProductCostBase.Percent": 0.3533,
      "ProductCostBase.PercentWithoutVAT": 0.3674,
      "ProductCostBase.ProductCost": 225251.41464626417,
      "ProductCostBase.Profit": 412359.04535373586,
      "UniqOrderId": 472,
      "UniqOrderId.OrdersCount": 472,
      "VAT.Percent": 0,
      "VAT.Sum": 0,
      "discountWithoutVAT": 15052.69,
      "fullSum": 674208.55,
      "sumAfterDiscountWithoutVAT": 659155.86
    },
    {
      "Bonus.Sum": 6792.5,
      "Currencies.SumInCurrency": {},
      "DiscountPercent": 0.0057,
      "DiscountSum": 4308.38,
      "DishAmountInt": 5590.807,
      "DishAmountInt.PerOrder": 12.649,
      "DishDiscountSumInt": 704596.17,
      "DishDiscountSumInt.average": 1594.11,
      "DishDiscountSumInt.averageByGuest": 940.72,
      "DishDiscountSumInt.averagePrice": 126.03,
      "DishDiscountSumInt.averagePriceWithVAT": 126.03,
      "DishDiscountSumInt.averageWithoutVAT": 1594.11,
      "DishDiscountSumInt.withoutVAT": 704596.17,
      "DishReturnSum": 0,
      "DishSumInt": 759704.55,
      "DishSumInt.averagePriceWithVAT": 135.88,
      "FiscalChequeNumber": 427,
      "GuestNum": 749,
      "IncentiveSumBase.Sum": 19719.48,
      "IncreasePercent": 0,
      "IncreaseSum": 0,
      "ItemSaleEventDiscountType.ComboAmount": 0,
      "ItemSaleEventDiscountType.DiscountAmount": 67.25,
      "OpenDate.Typed": "2020-08-14",
      "OrderItems": 4834,
      "OrderNum": 296,
      "ProductCostBase.MarkUp": 2.0189,
      "ProductCostBase.OneItem": 42.18,
      "ProductCostBase.Percent": 0.3312,
      "ProductCostBase.PercentWithoutVAT": 0.3411,
      "ProductCostBase.ProductCost": 233396.8015916914,
      "ProductCostBase.Profit": 471199.3684083086,
      "UniqOrderId": 442,
      "UniqOrderId.OrdersCount": 442,
      "VAT.Percent": 0,
      "VAT.Sum": 0,
      "discountWithoutVAT": 4708.38,
      "fullSum": 729895.55,
      "sumAfterDiscountWithoutVAT": 725187.17
    },
    {
      "Bonus.Sum": 0,
      "Currencies.SumInCurrency": {},
      "DiscountPercent": 0.0109,
      "DiscountSum": 9850.68,
      "DishAmountInt": 5468.746,
      "DishAmountInt.PerOrder": 13.638,
      "DishDiscountSumInt": 820018.22,
      "DishDiscountSumInt.average": 2044.93,
      "DishDiscountSumInt.averageByGuest": 1244.34,
      "DishDiscountSumInt.averagePrice": 149.95,
      "DishDiscountSumInt.averagePriceWithVAT": 149.95,
      "DishDiscountSumInt.averageWithoutVAT": 2044.93,
      "DishDiscountSumInt.withoutVAT": 820018.22,
      "DishReturnSum": 0,
      "DishSumInt": 905503.9,
      "DishSumInt.averagePriceWithVAT": 165.58,
      "FiscalChequeNumber": 380,
      "GuestNum": 659,
      "IncentiveSumBase.Sum": 22920.42,
      "IncreasePercent": 0,
      "IncreaseSum": 0,
      "ItemSaleEventDiscountType.ComboAmount": 0,
      "ItemSaleEventDiscountType.DiscountAmount": 209.722,
      "OpenDate.Typed": "2020-08-15",
      "OrderItems": 4494,
      "OrderNum": 281,
      "ProductCostBase.MarkUp": 1.9915,
      "ProductCostBase.OneItem": 50.58,
      "ProductCostBase.Percent": 0.3343,
      "ProductCostBase.PercentWithoutVAT": 0.347,
      "ProductCostBase.ProductCost": 274114.414940709,
      "ProductCostBase.Profit": 545903.805059291,
      "UniqOrderId": 401,
      "UniqOrderId.OrdersCount": 401,
      "VAT.Percent": 0,
      "VAT.Sum": 0,
      "discountWithoutVAT": 9850.68,
      "fullSum": 866252.3,
      "sumAfterDiscountWithoutVAT": 856401.62
    },
    {
      "Bonus.Sum": 671.2,
      "Currencies.SumInCurrency": {},
      "DiscountPercent": 0.012,
      "DiscountSum": 10163.54,
      "DishAmountInt": 4644.16,
      "DishAmountInt.PerOrder": 12.157,
      "DishDiscountSumInt": 781885.51,
      "DishDiscountSumInt.average": 2046.82,
      "DishDiscountSumInt.averageByGuest": 1277.59,
      "DishDiscountSumInt.averagePrice": 168.36,
      "DishDiscountSumInt.averagePriceWithVAT": 168.36,
      "DishDiscountSumInt.averageWithoutVAT": 2046.82,
      "DishDiscountSumInt.withoutVAT": 781885.51,
      "DishReturnSum": 0,
      "DishSumInt": 844640.05,
      "DishSumInt.averagePriceWithVAT": 181.87,
      "FiscalChequeNumber": 363,
      "GuestNum": 612,
      "IncentiveSumBase.Sum": 20376.23,
      "IncreasePercent": 0,
      "IncreaseSum": 0,
      "ItemSaleEventDiscountType.ComboAmount": 0,
      "ItemSaleEventDiscountType.DiscountAmount": 197,
      "OpenDate.Typed": "2020-08-16",
      "OrderItems": 3983,
      "OrderNum": 256,
      "ProductCostBase.MarkUp": 2.0205,
      "ProductCostBase.OneItem": 55.99,
      "ProductCostBase.Percent": 0.3311,
      "ProductCostBase.PercentWithoutVAT": 0.3424,
      "ProductCostBase.ProductCost": 258861.5511706767,
      "ProductCostBase.Profit": 523023.9588293233,
      "UniqOrderId": 382,
      "UniqOrderId.OrdersCount": 382,
      "VAT.Percent": 0,
      "VAT.Sum": 0,
      "discountWithoutVAT": 10495.49,
      "fullSum": 817781.45,
      "sumAfterDiscountWithoutVAT": 807285.96
    },
    {
      "Bonus.Sum": 0,
      "Currencies.SumInCurrency": {},
      "DiscountPercent": 0.0075,
      "DiscountSum": 5023.71,
      "DishAmountInt": 5537.803,
      "DishAmountInt.PerOrder": 12.473,
      "DishDiscountSumInt": 634831.14,
      "DishDiscountSumInt.average": 1429.8,
      "DishDiscountSumInt.averageByGuest": 854.42,
      "DishDiscountSumInt.averagePrice": 114.64,
      "DishDiscountSumInt.averagePriceWithVAT": 114.64,
      "DishDiscountSumInt.averageWithoutVAT": 1429.8,
      "DishDiscountSumInt.withoutVAT": 634831.14,
      "DishReturnSum": 0,
      "DishSumInt": 668172.85,
      "DishSumInt.averagePriceWithVAT": 120.66,
      "FiscalChequeNumber": 436,
      "GuestNum": 743,
      "IncentiveSumBase.Sum": 17115.786666698,
      "IncreasePercent": 0,
      "IncreaseSum": 0,
      "ItemSaleEventDiscountType.ComboAmount": 0,
      "ItemSaleEventDiscountType.DiscountAmount": 130.25,
      "OpenDate.Typed": "2020-08-17",
      "OrderItems": 4853,
      "OrderNum": 271,
      "ProductCostBase.MarkUp": 2.0658,
      "ProductCostBase.OneItem": 37.77,
      "ProductCostBase.Percent": 0.3262,
      "ProductCostBase.PercentWithoutVAT": 0.343,
      "ProductCostBase.ProductCost": 207066.25399989658,
      "ProductCostBase.Profit": 427764.88600010343,
      "UniqOrderId": 444,
      "UniqOrderId.OrdersCount": 444,
      "VAT.Percent": 0,
      "VAT.Sum": 0,
      "discountWithoutVAT": 5194.41,
      "fullSum": 670112.85,
      "sumAfterDiscountWithoutVAT": 664918.44
    },
    {
      "Bonus.Sum": 0,
      "Currencies.SumInCurrency": {},
      "DiscountPercent": 0.0135,
      "DiscountSum": 13452.19,
      "DishAmountInt": 5800.906,
      "DishAmountInt.PerOrder": 11.286,
      "DishDiscountSumInt": 659550.21,
      "DishDiscountSumInt.average": 1283.17,
      "DishDiscountSumInt.averageByGuest": 756.36,
      "DishDiscountSumInt.averagePrice": 113.7,
      "DishDiscountSumInt.averagePriceWithVAT": 113.7,
      "DishDiscountSumInt.averageWithoutVAT": 1283.17,
      "DishDiscountSumInt.withoutVAT": 659550.21,
      "DishReturnSum": 0,
      "DishSumInt": 993946.4,
      "DishSumInt.averagePriceWithVAT": 171.34,
      "FiscalChequeNumber": 489,
      "GuestNum": 872,
      "IncentiveSumBase.Sum": 13852.27,
      "IncreasePercent": 0,
      "IncreaseSum": 0,
      "ItemSaleEventDiscountType.ComboAmount": 0,
      "ItemSaleEventDiscountType.DiscountAmount": 147.32,
      "OpenDate.Typed": "2020-08-18",
      "OrderItems": 5150,
      "OrderNum": 329,
      "ProductCostBase.MarkUp": 0.8528,
      "ProductCostBase.OneItem": 61.8,
      "ProductCostBase.Percent": 0.5397,
      "ProductCostBase.PercentWithoutVAT": 0.5527,
      "ProductCostBase.ProductCost": 355983.9745096315,
      "ProductCostBase.Profit": 303566.23549036845,
      "UniqOrderId": 514,
      "UniqOrderId.OrdersCount": 514,
      "VAT.Percent": 0,
      "VAT.Sum": 0,
      "discountWithoutVAT": 14155.06,
      "fullSum": 697212.4,
      "sumAfterDiscountWithoutVAT": 683057.34
    },
    {
      "Bonus.Sum": 0,
      "Currencies.SumInCurrency": {},
      "DiscountPercent": 0.0193,
      "DiscountSum": 15164.12,
      "DishAmountInt": 6156.983,
      "DishAmountInt.PerOrder": 12.413,
      "DishDiscountSumInt": 737400.83,
      "DishDiscountSumInt.average": 1486.7,
      "DishDiscountSumInt.averageByGuest": 940.56,
      "DishDiscountSumInt.averagePrice": 119.77,
      "DishDiscountSumInt.averagePriceWithVAT": 119.77,
      "DishDiscountSumInt.averageWithoutVAT": 1486.7,
      "DishDiscountSumInt.withoutVAT": 737400.83,
      "DishReturnSum": 0,
      "DishSumInt": 787058.2,
      "DishSumInt.averagePriceWithVAT": 127.83,
      "FiscalChequeNumber": 469,
      "GuestNum": 784,
      "IncentiveSumBase.Sum": 20166.42,
      "IncreasePercent": 0,
      "IncreaseSum": 0,
      "ItemSaleEventDiscountType.ComboAmount": 0,
      "ItemSaleEventDiscountType.DiscountAmount": 139,
      "OpenDate.Typed": "2020-08-19",
      "OrderItems": 5330,
      "OrderNum": 318,
      "ProductCostBase.MarkUp": 2.0371,
      "ProductCostBase.OneItem": 39.59,
      "ProductCostBase.Percent": 0.3293,
      "ProductCostBase.PercentWithoutVAT": 0.336,
      "ProductCostBase.ProductCost": 242797.054315409,
      "ProductCostBase.Profit": 494603.775684591,
      "UniqOrderId": 496,
      "UniqOrderId.OrdersCount": 496,
      "VAT.Percent": 0,
      "VAT.Sum": 0,
      "discountWithoutVAT": 15537.32,
      "fullSum": 769041.95,
      "sumAfterDiscountWithoutVAT": 753504.63
    }
  ],
  "summary": [
    [
      {},
      {
        "Bonus.Sum": 14200.05,
        "Currencies.SumInCurrency": {},
        "DiscountPercent": 0.0128,
        "DiscountSum": 189300.24,
        "DishAmountInt": 102039.916,
        "DishAmountInt.PerOrder": 12.453,
        "DishDiscountSumInt": 12910139.96,
        "DishDiscountSumInt.average": 1575.56,
        "DishDiscountSumInt.averageByGuest": 953.2,
        "DishDiscountSumInt.averagePrice": 126.52,
        "DishDiscountSumInt.averagePriceWithVAT": 126.52,
        "DishDiscountSumInt.averageWithoutVAT": 1575.56,
        "DishDiscountSumInt.withoutVAT": 12910139.96,
        "DishReturnSum": 0,
        "DishSumInt": 14784554,
        "DishSumInt.averagePriceWithVAT": 144.89,
        "FiscalChequeNumber": 5889,
        "GuestNum": 13544,
        "IncentiveSumBase.Sum": 398467.776666698,
        "IncreasePercent": 0,
        "IncreaseSum": 0,
        "ItemSaleEventDiscountType.ComboAmount": 0,
        "ItemSaleEventDiscountType.DiscountAmount": 2554.742,
        "OrderItems": 88316,
        "OrderNum": 332,
        "ProductCostBase.MarkUp": 1.7451,
        "ProductCostBase.OneItem": 46.5,
        "ProductCostBase.Percent": 0.3643,
        "ProductCostBase.PercentWithoutVAT": 0.3753,
        "ProductCostBase.ProductCost": 4702964.1498386115,
        "ProductCostBase.Profit": 8207175.810161389,
        "UniqOrderId": 8194,
        "UniqOrderId.OrdersCount": 8194,
        "VAT.Percent": 0,
        "VAT.Sum": 0,
        "discountWithoutVAT": 196606.06,
        "fullSum": 13540735.25,
        "sumAfterDiscountWithoutVAT": 13344129.19
      }
    ],
    [
      {
        "OpenDate.Typed": "2020-08-05"
      },
      {
        "Bonus.Sum": 0,
        "Currencies.SumInCurrency": {},
        "DiscountPercent": 0.013,
        "DiscountSum": 8987.73,
        "DishAmountInt": 6071.61,
        "DishAmountInt.PerOrder": 12.891,
        "DishDiscountSumInt": 653479.67,
        "DishDiscountSumInt.average": 1387.43,
        "DishDiscountSumInt.averageByGuest": 831.4,
        "DishDiscountSumInt.averagePrice": 107.63,
        "DishDiscountSumInt.averagePriceWithVAT": 107.63,
        "DishDiscountSumInt.averageWithoutVAT": 1387.43,
        "DishDiscountSumInt.withoutVAT": 653479.67,
        "DishReturnSum": 0,
        "DishSumInt": 692171.3,
        "DishSumInt.averagePriceWithVAT": 114,
        "FiscalChequeNumber": 460,
        "GuestNum": 786,
        "IncentiveSumBase.Sum": 23516.73,
        "IncreasePercent": 0,
        "IncreaseSum": 0,
        "ItemSaleEventDiscountType.ComboAmount": 0,
        "ItemSaleEventDiscountType.DiscountAmount": 117.676,
        "OrderItems": 5363,
        "OrderNum": 321,
        "ProductCostBase.MarkUp": 2.05,
        "ProductCostBase.OneItem": 35.71,
        "ProductCostBase.Percent": 0.3279,
        "ProductCostBase.PercentWithoutVAT": 0.3384,
        "ProductCostBase.ProductCost": 214256.4730839338,
        "ProductCostBase.Profit": 439223.1969160662,
        "UniqOrderId": 471,
        "UniqOrderId.OrdersCount": 471,
        "VAT.Percent": 0,
        "VAT.Sum": 0,
        "discountWithoutVAT": 8987.73,
        "fullSum": 684040.4,
        "sumAfterDiscountWithoutVAT": 675052.67
      }
    ],
    [
      {
        "OpenDate.Typed": "2020-08-10"
      },
      {
        "Bonus.Sum": 3152.4,
        "Currencies.SumInCurrency": {},
        "DiscountPercent": 0.0264,
        "DiscountSum": 19391.17,
        "DishAmountInt": 5787.815,
        "DishAmountInt.PerOrder": 11.764,
        "DishDiscountSumInt": 666620.08,
        "DishDiscountSumInt.average": 1354.92,
        "DishDiscountSumInt.averageByGuest": 808.02,
        "DishDiscountSumInt.averagePrice": 115.18,
        "DishDiscountSumInt.averagePriceWithVAT": 115.18,
        "DishDiscountSumInt.averageWithoutVAT": 1354.92,
        "DishDiscountSumInt.withoutVAT": 666620.08,
        "DishReturnSum": 0,
        "DishSumInt": 734017.25,
        "DishSumInt.averagePriceWithVAT": 126.82,
        "FiscalChequeNumber": 423,
        "GuestNum": 825,
        "IncentiveSumBase.Sum": 19033.35,
        "IncreasePercent": 0,
        "IncreaseSum": 0,
        "ItemSaleEventDiscountType.ComboAmount": 0,
        "ItemSaleEventDiscountType.DiscountAmount": 192.736,
        "OrderItems": 5098,
        "OrderNum": 310,
        "ProductCostBase.MarkUp": 1.8564,
        "ProductCostBase.OneItem": 40.81,
        "ProductCostBase.Percent": 0.3501,
        "ProductCostBase.PercentWithoutVAT": 0.3582,
        "ProductCostBase.ProductCost": 233375.280876166,
        "ProductCostBase.Profit": 433244.799123834,
        "UniqOrderId": 492,
        "UniqOrderId.OrdersCount": 492,
        "VAT.Percent": 0,
        "VAT.Sum": 0,
        "discountWithoutVAT": 19391.17,
        "fullSum": 703775.25,
        "sumAfterDiscountWithoutVAT": 684384.08
      }
    ],
    [
      {
        "OpenDate.Typed": "2020-08-15"
      },
      {
        "Bonus.Sum": 0,
        "Currencies.SumInCurrency": {},
        "DiscountPercent": 0.0109,
        "DiscountSum": 9850.68,
        "DishAmountInt": 5468.746,
        "DishAmountInt.PerOrder": 13.638,
        "DishDiscountSumInt": 820018.22,
        "DishDiscountSumInt.average": 2044.93,
        "DishDiscountSumInt.averageByGuest": 1244.34,
        "DishDiscountSumInt.averagePrice": 149.95,
        "DishDiscountSumInt.averagePriceWithVAT": 149.95,
        "DishDiscountSumInt.averageWithoutVAT": 2044.93,
        "DishDiscountSumInt.withoutVAT": 820018.22,
        "DishReturnSum": 0,
        "DishSumInt": 905503.9,
        "DishSumInt.averagePriceWithVAT": 165.58,
        "FiscalChequeNumber": 380,
        "GuestNum": 659,
        "IncentiveSumBase.Sum": 22920.42,
        "IncreasePercent": 0,
        "IncreaseSum": 0,
        "ItemSaleEventDiscountType.ComboAmount": 0,
        "ItemSaleEventDiscountType.DiscountAmount": 209.722,
        "OrderItems": 4494,
        "OrderNum": 281,
        "ProductCostBase.MarkUp": 1.9915,
        "ProductCostBase.OneItem": 50.58,
        "ProductCostBase.Percent": 0.3343,
        "ProductCostBase.PercentWithoutVAT": 0.347,
        "ProductCostBase.ProductCost": 274114.414940709,
        "ProductCostBase.Profit": 545903.805059291,
        "UniqOrderId": 401,
        "UniqOrderId.OrdersCount": 401,
        "VAT.Percent": 0,
        "VAT.Sum": 0,
        "discountWithoutVAT": 9850.68,
        "fullSum": 866252.3,
        "sumAfterDiscountWithoutVAT": 856401.62
      }
    ],
    [
      {
        "OpenDate.Typed": "2020-08-01"
      },
      {
        "Bonus.Sum": 0,
        "Currencies.SumInCurrency": {},
        "DiscountPercent": 0.0075,
        "DiscountSum": 5230.35,
        "DishAmountInt": 4226.463,
        "DishAmountInt.PerOrder": 13.085,
        "DishDiscountSumInt": 654735.35,
        "DishDiscountSumInt.average": 2027.04,
        "DishDiscountSumInt.averageByGuest": 1100.4,
        "DishDiscountSumInt.averagePrice": 154.91,
        "DishDiscountSumInt.averagePriceWithVAT": 154.91,
        "DishDiscountSumInt.averageWithoutVAT": 2027.04,
        "DishDiscountSumInt.withoutVAT": 654735.35,
        "DishReturnSum": 0,
        "DishSumInt": 693912.7,
        "DishSumInt.averagePriceWithVAT": 164.18,
        "FiscalChequeNumber": 317,
        "GuestNum": 595,
        "IncentiveSumBase.Sum": 24220.83,
        "IncreasePercent": 0,
        "IncreaseSum": 0,
        "ItemSaleEventDiscountType.ComboAmount": 0,
        "ItemSaleEventDiscountType.DiscountAmount": 120.5,
        "OrderItems": 3472,
        "OrderNum": 250,
        "ProductCostBase.MarkUp": 2.3178,
        "ProductCostBase.OneItem": 47.03,
        "ProductCostBase.Percent": 0.3014,
        "ProductCostBase.PercentWithoutVAT": 0.3093,
        "ProductCostBase.ProductCost": 197337.53522104258,
        "ProductCostBase.Profit": 457397.8147789574,
        "UniqOrderId": 323,
        "UniqOrderId.OrdersCount": 323,
        "VAT.Percent": 0,
        "VAT.Sum": 0,
        "discountWithoutVAT": 5428.35,
        "fullSum": 680271.2,
        "sumAfterDiscountWithoutVAT": 674842.85
      }
    ],
    [
      {
        "OpenDate.Typed": "2020-08-06"
      },
      {
        "Bonus.Sum": 0,
        "Currencies.SumInCurrency": {},
        "DiscountPercent": 0.0142,
        "DiscountSum": 9949.35,
        "DishAmountInt": 5459.407,
        "DishAmountInt.PerOrder": 12.132,
        "DishDiscountSumInt": 663006.4,
        "DishDiscountSumInt.average": 1473.35,
        "DishDiscountSumInt.averageByGuest": 870.09,
        "DishDiscountSumInt.averagePrice": 121.44,
        "DishDiscountSumInt.averagePriceWithVAT": 121.44,
        "DishDiscountSumInt.averageWithoutVAT": 1473.35,
        "DishDiscountSumInt.withoutVAT": 663006.4,
        "DishReturnSum": 0,
        "DishSumInt": 698758.75,
        "DishSumInt.averagePriceWithVAT": 127.99,
        "FiscalChequeNumber": 436,
        "GuestNum": 762,
        "IncentiveSumBase.Sum": 24347.17,
        "IncreasePercent": 0,
        "IncreaseSum": 0,
        "ItemSaleEventDiscountType.ComboAmount": 0,
        "ItemSaleEventDiscountType.DiscountAmount": 124.248,
        "OrderItems": 4783,
        "OrderNum": 288,
        "ProductCostBase.MarkUp": 2.0391,
        "ProductCostBase.OneItem": 40.3,
        "ProductCostBase.Percent": 0.329,
        "ProductCostBase.PercentWithoutVAT": 0.339,
        "ProductCostBase.ProductCost": 218158.09914424163,
        "ProductCostBase.Profit": 444848.30085575837,
        "UniqOrderId": 450,
        "UniqOrderId.OrdersCount": 450,
        "VAT.Percent": 0,
        "VAT.Sum": 0,
        "discountWithoutVAT": 9949.35,
        "fullSum": 694138.95,
        "sumAfterDiscountWithoutVAT": 684189.6
      }
    ],
    [
      {
        "OpenDate.Typed": "2020-08-11"
      },
      {
        "Bonus.Sum": 0,
        "Currencies.SumInCurrency": {},
        "DiscountPercent": 0.0071,
        "DiscountSum": 9396.23,
        "DishAmountInt": 5735.89,
        "DishAmountInt.PerOrder": 12.335,
        "DishDiscountSumInt": 630761.02,
        "DishDiscountSumInt.average": 1356.48,
        "DishDiscountSumInt.averageByGuest": 854.69,
        "DishDiscountSumInt.averagePrice": 109.97,
        "DishDiscountSumInt.averagePriceWithVAT": 109.97,
        "DishDiscountSumInt.averageWithoutVAT": 1356.48,
        "DishDiscountSumInt.withoutVAT": 630761.02,
        "DishReturnSum": 0,
        "DishSumInt": 1315342,
        "DishSumInt.averagePriceWithVAT": 229.32,
        "FiscalChequeNumber": 450,
        "GuestNum": 738,
        "IncentiveSumBase.Sum": 20112.44,
        "IncreasePercent": 0,
        "IncreaseSum": 0,
        "ItemSaleEventDiscountType.ComboAmount": 0,
        "ItemSaleEventDiscountType.DiscountAmount": 133,
        "OrderItems": 4892,
        "OrderNum": 295,
        "ProductCostBase.MarkUp": 0.21,
        "ProductCostBase.OneItem": 93.82,
        "ProductCostBase.Percent": 0.8264,
        "ProductCostBase.PercentWithoutVAT": 0.8376,
        "ProductCostBase.ProductCost": 521289.7719564697,
        "ProductCostBase.Profit": 109471.24804353029,
        "UniqOrderId": 465,
        "UniqOrderId.OrdersCount": 465,
        "VAT.Percent": 0,
        "VAT.Sum": 0,
        "discountWithoutVAT": 9396.23,
        "fullSum": 665626.65,
        "sumAfterDiscountWithoutVAT": 656230.42
      }
    ],
    [
      {
        "OpenDate.Typed": "2020-08-16"
      },
      {
        "Bonus.Sum": 671.2,
        "Currencies.SumInCurrency": {},
        "DiscountPercent": 0.012,
        "DiscountSum": 10163.54,
        "DishAmountInt": 4644.16,
        "DishAmountInt.PerOrder": 12.157,
        "DishDiscountSumInt": 781885.51,
        "DishDiscountSumInt.average": 2046.82,
        "DishDiscountSumInt.averageByGuest": 1277.59,
        "DishDiscountSumInt.averagePrice": 168.36,
        "DishDiscountSumInt.averagePriceWithVAT": 168.36,
        "DishDiscountSumInt.averageWithoutVAT": 2046.82,
        "DishDiscountSumInt.withoutVAT": 781885.51,
        "DishReturnSum": 0,
        "DishSumInt": 844640.05,
        "DishSumInt.averagePriceWithVAT": 181.87,
        "FiscalChequeNumber": 363,
        "GuestNum": 612,
        "IncentiveSumBase.Sum": 20376.23,
        "IncreasePercent": 0,
        "IncreaseSum": 0,
        "ItemSaleEventDiscountType.ComboAmount": 0,
        "ItemSaleEventDiscountType.DiscountAmount": 197,
        "OrderItems": 3983,
        "OrderNum": 256,
        "ProductCostBase.MarkUp": 2.0205,
        "ProductCostBase.OneItem": 55.99,
        "ProductCostBase.Percent": 0.3311,
        "ProductCostBase.PercentWithoutVAT": 0.3424,
        "ProductCostBase.ProductCost": 258861.5511706767,
        "ProductCostBase.Profit": 523023.9588293233,
        "UniqOrderId": 382,
        "UniqOrderId.OrdersCount": 382,
        "VAT.Percent": 0,
        "VAT.Sum": 0,
        "discountWithoutVAT": 10495.49,
        "fullSum": 817781.45,
        "sumAfterDiscountWithoutVAT": 807285.96
      }
    ],
    [
      {
        "OpenDate.Typed": "2020-08-02"
      },
      {
        "Bonus.Sum": 0,
        "Currencies.SumInCurrency": {},
        "DiscountPercent": 0.0048,
        "DiscountSum": 3153.55,
        "DishAmountInt": 4082.743,
        "DishAmountInt.PerOrder": 13.128,
        "DishDiscountSumInt": 622621.9,
        "DishDiscountSumInt.average": 2002,
        "DishDiscountSumInt.averageByGuest": 1129.99,
        "DishDiscountSumInt.averagePrice": 152.5,
        "DishDiscountSumInt.averagePriceWithVAT": 152.5,
        "DishDiscountSumInt.averageWithoutVAT": 2002,
        "DishDiscountSumInt.withoutVAT": 622621.9,
        "DishReturnSum": 0,
        "DishSumInt": 654782.45,
        "DishSumInt.averagePriceWithVAT": 160.38,
        "FiscalChequeNumber": 303,
        "GuestNum": 551,
        "IncentiveSumBase.Sum": 23661.16,
        "IncreasePercent": 0,
        "IncreaseSum": 0,
        "ItemSaleEventDiscountType.ComboAmount": 0,
        "ItemSaleEventDiscountType.DiscountAmount": 74,
        "OrderItems": 3248,
        "OrderNum": 232,
        "ProductCostBase.MarkUp": 2.2878,
        "ProductCostBase.OneItem": 46.57,
        "ProductCostBase.Percent": 0.3042,
        "ProductCostBase.PercentWithoutVAT": 0.3094,
        "ProductCostBase.ProductCost": 189373.4150344799,
        "ProductCostBase.Profit": 433248.4849655201,
        "UniqOrderId": 311,
        "UniqOrderId.OrdersCount": 311,
        "VAT.Percent": 0,
        "VAT.Sum": 0,
        "discountWithoutVAT": 3543.55,
        "fullSum": 637711.7,
        "sumAfterDiscountWithoutVAT": 634168.15
      }
    ],
    [
      {
        "OpenDate.Typed": "2020-08-07"
      },
      {
        "Bonus.Sum": 0,
        "Currencies.SumInCurrency": {},
        "DiscountPercent": 0.0167,
        "DiscountSum": 13056.53,
        "DishAmountInt": 5708.408,
        "DishAmountInt.PerOrder": 12.657,
        "DishDiscountSumInt": 744424.17,
        "DishDiscountSumInt.average": 1650.61,
        "DishDiscountSumInt.averageByGuest": 974.38,
        "DishDiscountSumInt.averagePrice": 130.41,
        "DishDiscountSumInt.averagePriceWithVAT": 130.41,
        "DishDiscountSumInt.averageWithoutVAT": 1650.61,
        "DishDiscountSumInt.withoutVAT": 744424.17,
        "DishReturnSum": 0,
        "DishSumInt": 781635.2,
        "DishSumInt.averagePriceWithVAT": 136.93,
        "FiscalChequeNumber": 436,
        "GuestNum": 764,
        "IncentiveSumBase.Sum": 22470.03,
        "IncreasePercent": 0,
        "IncreaseSum": 0,
        "ItemSaleEventDiscountType.ComboAmount": 0,
        "ItemSaleEventDiscountType.DiscountAmount": 162.795,
        "OrderItems": 4739,
        "OrderNum": 306,
        "ProductCostBase.MarkUp": 2.1888,
        "ProductCostBase.OneItem": 41.34,
        "ProductCostBase.Percent": 0.3136,
        "ProductCostBase.PercentWithoutVAT": 0.3237,
        "ProductCostBase.ProductCost": 233451.75906502144,
        "ProductCostBase.Profit": 510972.4109349786,
        "UniqOrderId": 451,
        "UniqOrderId.OrdersCount": 451,
        "VAT.Percent": 0,
        "VAT.Sum": 0,
        "discountWithoutVAT": 15947.23,
        "fullSum": 778883.7,
        "sumAfterDiscountWithoutVAT": 762936.47
      }
    ],
    [
      {
        "OpenDate.Typed": "2020-08-12"
      },
      {
        "Bonus.Sum": 0,
        "Currencies.SumInCurrency": {},
        "DiscountPercent": 0.0109,
        "DiscountSum": 7857.88,
        "DishAmountInt": 5137.412,
        "DishAmountInt.PerOrder": 11.676,
        "DishDiscountSumInt": 653499.32,
        "DishDiscountSumInt.average": 1485.23,
        "DishDiscountSumInt.averageByGuest": 961.03,
        "DishDiscountSumInt.averagePrice": 127.2,
        "DishDiscountSumInt.averagePriceWithVAT": 127.2,
        "DishDiscountSumInt.averageWithoutVAT": 1485.23,
        "DishDiscountSumInt.withoutVAT": 653499.32,
        "DishReturnSum": 0,
        "DishSumInt": 722654.2,
        "DishSumInt.averagePriceWithVAT": 140.67,
        "FiscalChequeNumber": 426,
        "GuestNum": 680,
        "IncentiveSumBase.Sum": 18528.61,
        "IncreasePercent": 0,
        "IncreaseSum": 0,
        "ItemSaleEventDiscountType.ComboAmount": 0,
        "ItemSaleEventDiscountType.DiscountAmount": 114.59,
        "OrderItems": 4668,
        "OrderNum": 289,
        "ProductCostBase.MarkUp": 1.7509,
        "ProductCostBase.OneItem": 46.44,
        "ProductCostBase.Percent": 0.3635,
        "ProductCostBase.PercentWithoutVAT": 0.3676,
        "ProductCostBase.ProductCost": 237560.62543595192,
        "ProductCostBase.Profit": 415938.6945640481,
        "UniqOrderId": 440,
        "UniqOrderId.OrdersCount": 440,
        "VAT.Percent": 0,
        "VAT.Sum": 0,
        "discountWithoutVAT": 7857.88,
        "fullSum": 670927.6,
        "sumAfterDiscountWithoutVAT": 663069.72
      }
    ],
    [
      {
        "OpenDate.Typed": "2020-08-17"
      },
      {
        "Bonus.Sum": 0,
        "Currencies.SumInCurrency": {},
        "DiscountPercent": 0.0075,
        "DiscountSum": 5023.71,
        "DishAmountInt": 5537.803,
        "DishAmountInt.PerOrder": 12.473,
        "DishDiscountSumInt": 634831.14,
        "DishDiscountSumInt.average": 1429.8,
        "DishDiscountSumInt.averageByGuest": 854.42,
        "DishDiscountSumInt.averagePrice": 114.64,
        "DishDiscountSumInt.averagePriceWithVAT": 114.64,
        "DishDiscountSumInt.averageWithoutVAT": 1429.8,
        "DishDiscountSumInt.withoutVAT": 634831.14,
        "DishReturnSum": 0,
        "DishSumInt": 668172.85,
        "DishSumInt.averagePriceWithVAT": 120.66,
        "FiscalChequeNumber": 436,
        "GuestNum": 743,
        "IncentiveSumBase.Sum": 17115.786666698,
        "IncreasePercent": 0,
        "IncreaseSum": 0,
        "ItemSaleEventDiscountType.ComboAmount": 0,
        "ItemSaleEventDiscountType.DiscountAmount": 130.25,
        "OrderItems": 4853,
        "OrderNum": 271,
        "ProductCostBase.MarkUp": 2.0658,
        "ProductCostBase.OneItem": 37.77,
        "ProductCostBase.Percent": 0.3262,
        "ProductCostBase.PercentWithoutVAT": 0.343,
        "ProductCostBase.ProductCost": 207066.25399989658,
        "ProductCostBase.Profit": 427764.88600010343,
        "UniqOrderId": 444,
        "UniqOrderId.OrdersCount": 444,
        "VAT.Percent": 0,
        "VAT.Sum": 0,
        "discountWithoutVAT": 5194.41,
        "fullSum": 670112.85,
        "sumAfterDiscountWithoutVAT": 664918.44
      }
    ],
    [
      {
        "OpenDate.Typed": "2020-08-03"
      },
      {
        "Bonus.Sum": 712.95,
        "Currencies.SumInCurrency": {},
        "DiscountPercent": 0.018,
        "DiscountSum": 9718.35,
        "DishAmountInt": 5087.167,
        "DishAmountInt.PerOrder": 12.112,
        "DishDiscountSumInt": 483750.35,
        "DishDiscountSumInt.average": 1151.79,
        "DishDiscountSumInt.averageByGuest": 766.64,
        "DishDiscountSumInt.averagePrice": 95.09,
        "DishDiscountSumInt.averagePriceWithVAT": 95.09,
        "DishDiscountSumInt.averageWithoutVAT": 1151.79,
        "DishDiscountSumInt.withoutVAT": 483750.35,
        "DishReturnSum": 0,
        "DishSumInt": 538571.7,
        "DishSumInt.averagePriceWithVAT": 105.87,
        "FiscalChequeNumber": 382,
        "GuestNum": 631,
        "IncentiveSumBase.Sum": 16610.03,
        "IncreasePercent": 0,
        "IncreaseSum": 0,
        "ItemSaleEventDiscountType.ComboAmount": 0,
        "ItemSaleEventDiscountType.DiscountAmount": 75.5,
        "OrderItems": 4769,
        "OrderNum": 278,
        "ProductCostBase.MarkUp": 1.9217,
        "ProductCostBase.OneItem": 32.75,
        "ProductCostBase.Percent": 0.3423,
        "ProductCostBase.PercentWithoutVAT": 0.3536,
        "ProductCostBase.ProductCost": 165572.26061540042,
        "ProductCostBase.Profit": 318178.0893845996,
        "UniqOrderId": 420,
        "UniqOrderId.OrdersCount": 420,
        "VAT.Percent": 0,
        "VAT.Sum": 0,
        "discountWithoutVAT": 9805.35,
        "fullSum": 508935.7,
        "sumAfterDiscountWithoutVAT": 499130.35
      }
    ],
    [
      {
        "OpenDate.Typed": "2020-08-08"
      },
      {
        "Bonus.Sum": 0,
        "Currencies.SumInCurrency": {},
        "DiscountPercent": 0.0108,
        "DiscountSum": 8789.99,
        "DishAmountInt": 4948.135,
        "DishAmountInt.PerOrder": 13.483,
        "DishDiscountSumInt": 750678.46,
        "DishDiscountSumInt.average": 2045.45,
        "DishDiscountSumInt.averageByGuest": 1182.17,
        "DishDiscountSumInt.averagePrice": 151.71,
        "DishDiscountSumInt.averagePriceWithVAT": 151.71,
        "DishDiscountSumInt.averageWithoutVAT": 2045.45,
        "DishDiscountSumInt.withoutVAT": 750678.46,
        "DishReturnSum": 0,
        "DishSumInt": 812104.85,
        "DishSumInt.averagePriceWithVAT": 164.12,
        "FiscalChequeNumber": 338,
        "GuestNum": 635,
        "IncentiveSumBase.Sum": 21895.99,
        "IncreasePercent": 0,
        "IncreaseSum": 0,
        "ItemSaleEventDiscountType.ComboAmount": 0,
        "ItemSaleEventDiscountType.DiscountAmount": 157.856,
        "OrderItems": 3987,
        "OrderNum": 240,
        "ProductCostBase.MarkUp": 2.0612,
        "ProductCostBase.OneItem": 49.79,
        "ProductCostBase.Percent": 0.3267,
        "ProductCostBase.PercentWithoutVAT": 0.3431,
        "ProductCostBase.ProductCost": 245220.1016954657,
        "ProductCostBase.Profit": 505458.3583045343,
        "UniqOrderId": 367,
        "UniqOrderId.OrdersCount": 367,
        "VAT.Percent": 0,
        "VAT.Sum": 0,
        "discountWithoutVAT": 8789.99,
        "fullSum": 790479.55,
        "sumAfterDiscountWithoutVAT": 781689.56
      }
    ],
    [
      {
        "OpenDate.Typed": "2020-08-13"
      },
      {
        "Bonus.Sum": 2871,
        "Currencies.SumInCurrency": {},
        "DiscountPercent": 0.0215,
        "DiscountSum": 14860.99,
        "DishAmountInt": 5512.973,
        "DishAmountInt.PerOrder": 11.68,
        "DishDiscountSumInt": 637610.46,
        "DishDiscountSumInt.average": 1350.87,
        "DishDiscountSumInt.averageByGuest": 838.96,
        "DishDiscountSumInt.averagePrice": 115.66,
        "DishDiscountSumInt.averagePriceWithVAT": 115.66,
        "DishDiscountSumInt.averageWithoutVAT": 1350.87,
        "DishDiscountSumInt.withoutVAT": 637610.46,
        "DishReturnSum": 0,
        "DishSumInt": 691840.45,
        "DishSumInt.averagePriceWithVAT": 125.49,
        "FiscalChequeNumber": 449,
        "GuestNum": 760,
        "IncentiveSumBase.Sum": 21329.55,
        "IncreasePercent": 0,
        "IncreaseSum": 0,
        "ItemSaleEventDiscountType.ComboAmount": 0,
        "ItemSaleEventDiscountType.DiscountAmount": 123,
        "OrderItems": 4982,
        "OrderNum": 308,
        "ProductCostBase.MarkUp": 1.8307,
        "ProductCostBase.OneItem": 41.09,
        "ProductCostBase.Percent": 0.3533,
        "ProductCostBase.PercentWithoutVAT": 0.3674,
        "ProductCostBase.ProductCost": 225251.41464626417,
        "ProductCostBase.Profit": 412359.04535373586,
        "UniqOrderId": 472,
        "UniqOrderId.OrdersCount": 472,
        "VAT.Percent": 0,
        "VAT.Sum": 0,
        "discountWithoutVAT": 15052.69,
        "fullSum": 674208.55,
        "sumAfterDiscountWithoutVAT": 659155.86
      }
    ],
    [
      {
        "OpenDate.Typed": "2020-08-18"
      },
      {
        "Bonus.Sum": 0,
        "Currencies.SumInCurrency": {},
        "DiscountPercent": 0.0135,
        "DiscountSum": 13452.19,
        "DishAmountInt": 5800.906,
        "DishAmountInt.PerOrder": 11.286,
        "DishDiscountSumInt": 659550.21,
        "DishDiscountSumInt.average": 1283.17,
        "DishDiscountSumInt.averageByGuest": 756.36,
        "DishDiscountSumInt.averagePrice": 113.7,
        "DishDiscountSumInt.averagePriceWithVAT": 113.7,
        "DishDiscountSumInt.averageWithoutVAT": 1283.17,
        "DishDiscountSumInt.withoutVAT": 659550.21,
        "DishReturnSum": 0,
        "DishSumInt": 993946.4,
        "DishSumInt.averagePriceWithVAT": 171.34,
        "FiscalChequeNumber": 489,
        "GuestNum": 872,
        "IncentiveSumBase.Sum": 13852.27,
        "IncreasePercent": 0,
        "IncreaseSum": 0,
        "ItemSaleEventDiscountType.ComboAmount": 0,
        "ItemSaleEventDiscountType.DiscountAmount": 147.32,
        "OrderItems": 5150,
        "OrderNum": 329,
        "ProductCostBase.MarkUp": 0.8528,
        "ProductCostBase.OneItem": 61.8,
        "ProductCostBase.Percent": 0.5397,
        "ProductCostBase.PercentWithoutVAT": 0.5527,
        "ProductCostBase.ProductCost": 355983.9745096315,
        "ProductCostBase.Profit": 303566.23549036845,
        "UniqOrderId": 514,
        "UniqOrderId.OrdersCount": 514,
        "VAT.Percent": 0,
        "VAT.Sum": 0,
        "discountWithoutVAT": 14155.06,
        "fullSum": 697212.4,
        "sumAfterDiscountWithoutVAT": 683057.34
      }
    ],
    [
      {
        "OpenDate.Typed": "2020-08-19"
      },
      {
        "Bonus.Sum": 0,
        "Currencies.SumInCurrency": {},
        "DiscountPercent": 0.0193,
        "DiscountSum": 15164.12,
        "DishAmountInt": 6156.983,
        "DishAmountInt.PerOrder": 12.413,
        "DishDiscountSumInt": 737400.83,
        "DishDiscountSumInt.average": 1486.7,
        "DishDiscountSumInt.averageByGuest": 940.56,
        "DishDiscountSumInt.averagePrice": 119.77,
        "DishDiscountSumInt.averagePriceWithVAT": 119.77,
        "DishDiscountSumInt.averageWithoutVAT": 1486.7,
        "DishDiscountSumInt.withoutVAT": 737400.83,
        "DishReturnSum": 0,
        "DishSumInt": 787058.2,
        "DishSumInt.averagePriceWithVAT": 127.83,
        "FiscalChequeNumber": 469,
        "GuestNum": 784,
        "IncentiveSumBase.Sum": 20166.42,
        "IncreasePercent": 0,
        "IncreaseSum": 0,
        "ItemSaleEventDiscountType.ComboAmount": 0,
        "ItemSaleEventDiscountType.DiscountAmount": 139,
        "OrderItems": 5330,
        "OrderNum": 318,
        "ProductCostBase.MarkUp": 2.0371,
        "ProductCostBase.OneItem": 39.59,
        "ProductCostBase.Percent": 0.3293,
        "ProductCostBase.PercentWithoutVAT": 0.336,
        "ProductCostBase.ProductCost": 242797.054315409,
        "ProductCostBase.Profit": 494603.775684591,
        "UniqOrderId": 496,
        "UniqOrderId.OrdersCount": 496,
        "VAT.Percent": 0,
        "VAT.Sum": 0,
        "discountWithoutVAT": 15537.32,
        "fullSum": 769041.95,
        "sumAfterDiscountWithoutVAT": 753504.63
      }
    ],
    [
      {
        "OpenDate.Typed": "2020-08-04"
      },
      {
        "Bonus.Sum": 0,
        "Currencies.SumInCurrency": {},
        "DiscountPercent": 0.0101,
        "DiscountSum": 6855.17,
        "DishAmountInt": 5866.383,
        "DishAmountInt.PerOrder": 12.698,
        "DishDiscountSumInt": 637421.78,
        "DishDiscountSumInt.average": 1379.7,
        "DishDiscountSumInt.averageByGuest": 930.54,
        "DishDiscountSumInt.averagePrice": 108.66,
        "DishDiscountSumInt.averagePriceWithVAT": 108.66,
        "DishDiscountSumInt.averageWithoutVAT": 1379.7,
        "DishDiscountSumInt.withoutVAT": 637421.78,
        "DishReturnSum": 0,
        "DishSumInt": 676945.95,
        "DishSumInt.averagePriceWithVAT": 115.39,
        "FiscalChequeNumber": 441,
        "GuestNum": 685,
        "IncentiveSumBase.Sum": 21789.52,
        "IncreasePercent": 0,
        "IncreaseSum": 0,
        "ItemSaleEventDiscountType.ComboAmount": 0,
        "ItemSaleEventDiscountType.DiscountAmount": 103.358,
        "OrderItems": 5482,
        "OrderNum": 310,
        "ProductCostBase.MarkUp": 1.9737,
        "ProductCostBase.OneItem": 36.76,
        "ProductCostBase.Percent": 0.3363,
        "ProductCostBase.PercentWithoutVAT": 0.3527,
        "ProductCostBase.ProductCost": 214355.0874271049,
        "ProductCostBase.Profit": 423066.6925728951,
        "UniqOrderId": 462,
        "UniqOrderId.OrdersCount": 462,
        "VAT.Percent": 0,
        "VAT.Sum": 0,
        "discountWithoutVAT": 6913.17,
        "fullSum": 675031.25,
        "sumAfterDiscountWithoutVAT": 668118.08
      }
    ],
    [
      {
        "OpenDate.Typed": "2020-08-09"
      },
      {
        "Bonus.Sum": 0,
        "Currencies.SumInCurrency": {},
        "DiscountPercent": 0.0173,
        "DiscountSum": 14090.33,
        "DishAmountInt": 5216.105,
        "DishAmountInt.PerOrder": 13.34,
        "DishDiscountSumInt": 773248.92,
        "DishDiscountSumInt.average": 1977.62,
        "DishDiscountSumInt.averageByGuest": 1084.5,
        "DishDiscountSumInt.averagePrice": 148.24,
        "DishDiscountSumInt.averagePriceWithVAT": 148.24,
        "DishDiscountSumInt.averageWithoutVAT": 1977.62,
        "DishDiscountSumInt.withoutVAT": 773248.92,
        "DishReturnSum": 0,
        "DishSumInt": 812791.25,
        "DishSumInt.averagePriceWithVAT": 155.82,
        "FiscalChequeNumber": 269,
        "GuestNum": 713,
        "IncentiveSumBase.Sum": 26801.76,
        "IncreasePercent": 0,
        "IncreaseSum": 0,
        "ItemSaleEventDiscountType.ComboAmount": 0,
        "ItemSaleEventDiscountType.DiscountAmount": 164.941,
        "OrderItems": 4189,
        "OrderNum": 279,
        "ProductCostBase.MarkUp": 2.2828,
        "ProductCostBase.OneItem": 45.48,
        "ProductCostBase.Percent": 0.3046,
        "ProductCostBase.PercentWithoutVAT": 0.318,
        "ProductCostBase.ProductCost": 235542.2751090546,
        "ProductCostBase.Profit": 537706.6448909454,
        "UniqOrderId": 391,
        "UniqOrderId.OrdersCount": 391,
        "VAT.Percent": 0,
        "VAT.Sum": 0,
        "discountWithoutVAT": 15602.03,
        "fullSum": 826408.25,
        "sumAfterDiscountWithoutVAT": 810806.22
      }
    ],
    [
      {
        "OpenDate.Typed": "2020-08-14"
      },
      {
        "Bonus.Sum": 6792.5,
        "Currencies.SumInCurrency": {},
        "DiscountPercent": 0.0057,
        "DiscountSum": 4308.38,
        "DishAmountInt": 5590.807,
        "DishAmountInt.PerOrder": 12.649,
        "DishDiscountSumInt": 704596.17,
        "DishDiscountSumInt.average": 1594.11,
        "DishDiscountSumInt.averageByGuest": 940.72,
        "DishDiscountSumInt.averagePrice": 126.03,
        "DishDiscountSumInt.averagePriceWithVAT": 126.03,
        "DishDiscountSumInt.averageWithoutVAT": 1594.11,
        "DishDiscountSumInt.withoutVAT": 704596.17,
        "DishReturnSum": 0,
        "DishSumInt": 759704.55,
        "DishSumInt.averagePriceWithVAT": 135.88,
        "FiscalChequeNumber": 427,
        "GuestNum": 749,
        "IncentiveSumBase.Sum": 19719.48,
        "IncreasePercent": 0,
        "IncreaseSum": 0,
        "ItemSaleEventDiscountType.ComboAmount": 0,
        "ItemSaleEventDiscountType.DiscountAmount": 67.25,
        "OrderItems": 4834,
        "OrderNum": 296,
        "ProductCostBase.MarkUp": 2.0189,
        "ProductCostBase.OneItem": 42.18,
        "ProductCostBase.Percent": 0.3312,
        "ProductCostBase.PercentWithoutVAT": 0.3411,
        "ProductCostBase.ProductCost": 233396.8015916914,
        "ProductCostBase.Profit": 471199.3684083086,
        "UniqOrderId": 442,
        "UniqOrderId.OrdersCount": 442,
        "VAT.Percent": 0,
        "VAT.Sum": 0,
        "discountWithoutVAT": 4708.38,
        "fullSum": 729895.55,
        "sumAfterDiscountWithoutVAT": 725187.17
      }
    ]
  ]
}